{"data":{"allSite":{"edges":[{"node":{"siteMetadata":{"sidebarConfig":{"forcedNavOrder":["/"],"ignoreIndex":false}}}}]},"allMdx":{"edges":[{"node":{"fields":{"slug":"/","title":"Index"}}},{"node":{"fields":{"slug":"/dhcp","title":"Dhcp"}}},{"node":{"fields":{"slug":"/introduction","title":"Introduction"}}},{"node":{"fields":{"slug":"/1WelcometoHelpNDoc/11Addcontenttoatopic","title":"11 Addcontenttoatopic"}}},{"node":{"fields":{"slug":"/ricorsione","title":"Ricorsione"}}},{"node":{"fields":{"slug":"/1WelcometoHelpNDoc/12Generatedocumentation","title":"12 Generatedocumentation"}}},{"node":{"fields":{"slug":"/ricorsione/ricorsione2","title":"Ricorsione"}}},{"node":{"fields":{"slug":"/1WelcometoHelpNDoc/11Addcontenttoatopic/111Addapicture","title":"111 Addapicture"}}},{"node":{"fields":{"slug":"/dhcp/ldap","title":"Ldap"}}},{"node":{"fields":{"slug":"/1WelcometoHelpNDoc/12Generatedocumentation/121Createnewtopics","title":"121 Createnewtopics"}}},{"node":{"fields":{"slug":"/dhcp/dhcp2","title":"Dhcp 2"}}},{"node":{"fields":{"slug":"/dhcp/ldap/smtp","title":"Smtp"}}},{"node":{"fields":{"slug":"/ricorsione/ricorsione1","title":"Ricorsione"}}},{"node":{"fields":{"slug":"/1WelcometoHelpNDoc/11Addcontenttoatopic/111Addapicture/1111Markdown","title":"1111 Markdown"}}},{"node":{"fields":{"slug":"/1WelcometoHelpNDoc/11Addcontenttoatopic/111Addapicture/1111Markdown/11111Malta","title":"11111 Malta"}}},{"node":{"fields":{"slug":"/1WelcometoHelpNDoc/11Addcontenttoatopic/111Addapicture/1111Markdown/11111Malta/111111Malta","title":"111111 Malta"}}},{"node":{"fields":{"slug":"/1WelcometoHelpNDoc/11Addcontenttoatopic/111Addapicture/1111Markdown/11111Malta/111111Malta/1111111Malta","title":"1111111 Malta"}}},{"node":{"fields":{"slug":"/1WelcometoHelpNDoc/11Addcontenttoatopic/111Addapicture/1111Markdown/11111Malta/111111Malta/1111111Malta/1111111Malta","title":"1111111 Malta"}}},{"node":{"fields":{"slug":"/1WelcometoHelpNDoc","title":"1 Welcometo Help N Doc"}}}]}}}