[
    {
        "myId": "1WelcometoHelpNDoc",
        "myParent": "#",
        "myText": "1. Welcome to HelpNDoc",
        "myAAttr": {
            "myHref": "1WelcometoHelpNDoc.html"
        }
    },
    {
        "myId": "11Addcontenttoatopic",
        "myParent": "1WelcometoHelpNDoc",
        "myText": "1.1. Add content to a topic",
        "myAAttr": {
            "myHref": "11Addcontenttoatopic.html"
        }
    },
    {
        "myId": "111Addapicture",
        "myParent": "11Addcontenttoatopic",
        "myText": "1.1.1. Add a picture",
        "myAAttr": {
            "myHref": "111Addapicture.html"
        }
    },
    {
        "myId": "12Generatedocumentation",
        "myParent": "1WelcometoHelpNDoc",
        "myText": "1.2. Generate documentation",
        "myAAttr": {
            "myHref": "12Generatedocumentation.html"
        }
    },
    {
        "myId": "121Createnewtopics",
        "myParent": "12Generatedocumentation",
        "myText": "1.2.1. Create new topics",
        "myAAttr": {
            "myHref": "121Createnewtopics.html"
        }
    }
]